text,label
"FIRST INFORMATION REPORT FIR No 160
    Police Station Thane
    BNS Section 316
    Complaint filed by Sonal Aggarwal
    regarding fraud or theft incident reported",FIR
"CHARGE SHEET Case No 622
    Police Station Malad
    BNS Section 74
    Accused Ritu Kapoor
    Investigation completed and charges filed in court",CHARGE_SHEET
"FIRST INFORMATION REPORT FIR No 452
    Police Station Dadar
    BNS Section 115
    Complaint filed by Rahul Mehta
    regarding fraud or theft incident reported",FIR
"FIRST INFORMATION REPORT FIR No 103
    Police Station Borivali
    BNS Section 351
    Complaint filed by Rakesh Yadav
    regarding fraud or theft incident reported",FIR
"FIRST INFORMATION REPORT FIR No 747
    Police Station Borivali
    BNS Section 74
    Complaint filed by Pallavi Singh
    regarding fraud or theft incident reported",FIR
"FIRST INFORMATION REPORT FIR No 348
    Police Station Borivali
    BNS Section 103
    Complaint filed by Rakesh Yadav
    regarding fraud or theft incident reported",FIR
"Government of India UIDAI Aadhaar Number 9679 6809 8844
    Name Ankit Jain
    Address Chennai India",ID_CARD
"FIRST INFORMATION REPORT FIR No 844
    Police Station Powai
    BNS Section 103
    Complaint filed by Anjali Verma
    regarding fraud or theft incident reported",FIR
"POLICE INCIDENT REPORT Report No 700
    Officer from Malad Police Station
    Investigation regarding accident or theft case
    Status report prepared for department records",POLICE_REPORT
"CHARGE SHEET Case No 953
    Police Station Malad
    BNS Section 303
    Accused Riya Das
    Investigation completed and charges filed in court",CHARGE_SHEET
"Government of India UIDAI Aadhaar Number 2209 7927 3100
    Name Sonal Aggarwal
    Address Kolkata India",ID_CARD
"CHARGE SHEET Case No 105
    Police Station Andheri
    BNS Section 351
    Accused Rakesh Yadav
    Investigation completed and charges filed in court",CHARGE_SHEET
"POLICE INCIDENT REPORT Report No 884
    Officer from Andheri Police Station
    Investigation regarding accident or theft case
    Status report prepared for department records",POLICE_REPORT
"FIRST INFORMATION REPORT FIR No 184
    Police Station Thane
    BNS Section 103
    Complaint filed by Arjun Singh
    regarding fraud or theft incident reported",FIR
"POLICE INCIDENT REPORT Report No 508
    Officer from Thane Police Station
    Investigation regarding accident or theft case
    Status report prepared for department records",POLICE_REPORT
"POLICE INCIDENT REPORT Report No 297
    Officer from Andheri Police Station
    Investigation regarding accident or theft case
    Status report prepared for department records",POLICE_REPORT
"Government of India UIDAI Aadhaar Number 7664 1057 1612
    Name Ritu Kapoor
    Address Ahmedabad India",ID_CARD
"POLICE INCIDENT REPORT Report No 578
    Officer from Andheri Police Station
    Investigation regarding accident or theft case
    Status report prepared for department records",POLICE_REPORT
"CHARGE SHEET Case No 547
    Police Station Ghatkopar
    BNS Section 303
    Accused Sonal Aggarwal
    Investigation completed and charges filed in court",CHARGE_SHEET
"Government of India UIDAI Aadhaar Number 8860 1659 7095
    Name Sanjay Mehta
    Address Ahmedabad India",ID_CARD
"FIRST INFORMATION REPORT FIR No 397
    Police Station Dadar
    BNS Section 103
    Complaint filed by Suresh Nair
    regarding fraud or theft incident reported",FIR
"FIRST INFORMATION REPORT FIR No 242
    Police Station Dadar
    BNS Section 115
    Complaint filed by Ritu Kapoor
    regarding fraud or theft incident reported",FIR
"Government of India UIDAI Aadhaar Number 1694 1082 2575
    Name Amit Sharma
    Address Pune India",ID_CARD
"POLICE INCIDENT REPORT Report No 216
    Officer from Thane Police Station
    Investigation regarding accident or theft case
    Status report prepared for department records",POLICE_REPORT
"CHARGE SHEET Case No 864
    Police Station Thane
    BNS Section 351
    Accused Ankit Jain
    Investigation completed and charges filed in court",CHARGE_SHEET
"FIRST INFORMATION REPORT FIR No 380
    Police Station Borivali
    BNS Section 115
    Complaint filed by Manish Sinha
    regarding fraud or theft incident reported",FIR
"Government of India UIDAI Aadhaar Number 5985 6925 3439
    Name Pooja Patel
    Address Bhopal India",ID_CARD
"FIRST INFORMATION REPORT FIR No 655
    Police Station Dadar
    BNS Section 316
    Complaint filed by Anita Chatterjee
    regarding fraud or theft incident reported",FIR
"Government of India UIDAI Aadhaar Number 1786 1534 2317
    Name Pallavi Singh
    Address Surat India",ID_CARD
"Government of India UIDAI Aadhaar Number 3917 9265 2304
    Name Vijay Kumar
    Address Nagpur India",ID_CARD
"FIRST INFORMATION REPORT FIR No 845
    Police Station Kurla
    BNS Section 303
    Complaint filed by Pooja Patel
    regarding fraud or theft incident reported",FIR
"POLICE INCIDENT REPORT Report No 662
    Officer from Borivali Police Station
    Investigation regarding accident or theft case
    Status report prepared for department records",POLICE_REPORT
"POLICE INCIDENT REPORT Report No 629
    Officer from Malad Police Station
    Investigation regarding accident or theft case
    Status report prepared for department records",POLICE_REPORT
"FIRST INFORMATION REPORT FIR No 678
    Police Station Borivali
    BNS Section 303
    Complaint filed by Manish Sinha
    regarding fraud or theft incident reported",FIR
"CHARGE SHEET Case No 106
    Police Station Malad
    BNS Section 74
    Accused Vijay Kumar
    Investigation completed and charges filed in court",CHARGE_SHEET
"FIRST INFORMATION REPORT FIR No 272
    Police Station Andheri
    BNS Section 103
    Complaint filed by Manish Sinha
    regarding fraud or theft incident reported",FIR
"CHARGE SHEET Case No 162
    Police Station Thane
    BNS Section 303
    Accused Divya Reddy
    Investigation completed and charges filed in court",CHARGE_SHEET
"POLICE INCIDENT REPORT Report No 231
    Officer from Borivali Police Station
    Investigation regarding accident or theft case
    Status report prepared for department records",POLICE_REPORT
"POLICE INCIDENT REPORT Report No 710
    Officer from Malad Police Station
    Investigation regarding accident or theft case
    Status report prepared for department records",POLICE_REPORT
"FIRST INFORMATION REPORT FIR No 471
    Police Station Kurla
    BNS Section 316
    Complaint filed by Pooja Patel
    regarding fraud or theft incident reported",FIR
"FIRST INFORMATION REPORT FIR No 165
    Police Station Powai
    BNS Section 74
    Complaint filed by Pallavi Singh
    regarding fraud or theft incident reported",FIR
"POLICE INCIDENT REPORT Report No 781
    Officer from Andheri Police Station
    Investigation regarding accident or theft case
    Status report prepared for department records",POLICE_REPORT
"CHARGE SHEET Case No 969
    Police Station Kurla
    BNS Section 303
    Accused Sanjay Mehta
    Investigation completed and charges filed in court",CHARGE_SHEET
"Government of India UIDAI Aadhaar Number 9097 7141 9178
    Name Kavita Joshi
    Address Vijayawada India",ID_CARD
"Government of India UIDAI Aadhaar Number 7360 7857 8156
    Name Anushka Sharma
    Address Coimbatore India",ID_CARD
"Government of India UIDAI Aadhaar Number 6410 1096 8710
    Name Vikram Das
    Address Nagpur India",ID_CARD
"POLICE INCIDENT REPORT Report No 693
    Officer from Powai Police Station
    Investigation regarding accident or theft case
    Status report prepared for department records",POLICE_REPORT
"FIRST INFORMATION REPORT FIR No 760
    Police Station Kurla
    BNS Section 115
    Complaint filed by Karan Malhotra
    regarding fraud or theft incident reported",FIR
"FIRST INFORMATION REPORT FIR No 144
    Police Station Borivali
    BNS Section 115
    Complaint filed by Sameer Khan
    regarding fraud or theft incident reported",FIR
"FIRST INFORMATION REPORT FIR No 352
    Police Station Kurla
    BNS Section 316
    Complaint filed by Divya Reddy
    regarding fraud or theft incident reported",FIR
"Government of India UIDAI Aadhaar Number 6592 2155 1861
    Name Anita Chatterjee
    Address Lucknow India",ID_CARD
"CHARGE SHEET Case No 945
    Police Station Kurla
    BNS Section 316
    Accused Manish Sinha
    Investigation completed and charges filed in court",CHARGE_SHEET
"Government of India UIDAI Aadhaar Number 2078 7188 8278
    Name Neha Verma
    Address Surat India",ID_CARD
"POLICE INCIDENT REPORT Report No 831
    Officer from Kurla Police Station
    Investigation regarding accident or theft case
    Status report prepared for department records",POLICE_REPORT
"FIRST INFORMATION REPORT FIR No 982
    Police Station Dadar
    BNS Section 103
    Complaint filed by Manish Sinha
    regarding fraud or theft incident reported",FIR
"Government of India UIDAI Aadhaar Number 8828 3847 9694
    Name Rahul Mehta
    Address Hyderabad India",ID_CARD
"CHARGE SHEET Case No 332
    Police Station Malad
    BNS Section 74
    Accused Neelam Verma
    Investigation completed and charges filed in court",CHARGE_SHEET
"CHARGE SHEET Case No 460
    Police Station Thane
    BNS Section 351
    Accused Anita Chatterjee
    Investigation completed and charges filed in court",CHARGE_SHEET
"CHARGE SHEET Case No 872
    Police Station Ghatkopar
    BNS Section 303
    Accused Pallavi Singh
    Investigation completed and charges filed in court",CHARGE_SHEET
"CHARGE SHEET Case No 877
    Police Station Malad
    BNS Section 316
    Accused Suresh Nair
    Investigation completed and charges filed in court",CHARGE_SHEET
"POLICE INCIDENT REPORT Report No 278
    Officer from Powai Police Station
    Investigation regarding accident or theft case
    Status report prepared for department records",POLICE_REPORT
"FIRST INFORMATION REPORT FIR No 492
    Police Station Borivali
    BNS Section 303
    Complaint filed by Rakesh Yadav
    regarding fraud or theft incident reported",FIR
"POLICE INCIDENT REPORT Report No 211
    Officer from Bandra Police Station
    Investigation regarding accident or theft case
    Status report prepared for department records",POLICE_REPORT
"FIRST INFORMATION REPORT FIR No 573
    Police Station Kurla
    BNS Section 115
    Complaint filed by Rohit Gupta
    regarding fraud or theft incident reported",FIR
"Government of India UIDAI Aadhaar Number 4638 3931 1542
    Name Vikram Das
    Address Indore India",ID_CARD
"FIRST INFORMATION REPORT FIR No 220
    Police Station Kurla
    BNS Section 303
    Complaint filed by Neha Verma
    regarding fraud or theft incident reported",FIR
"FIRST INFORMATION REPORT FIR No 485
    Police Station Ghatkopar
    BNS Section 351
    Complaint filed by Anita Chatterjee
    regarding fraud or theft incident reported",FIR
"FIRST INFORMATION REPORT FIR No 470
    Police Station Thane
    BNS Section 115
    Complaint filed by Ritu Kapoor
    regarding fraud or theft incident reported",FIR
"CHARGE SHEET Case No 224
    Police Station Borivali
    BNS Section 351
    Accused Sameer Khan
    Investigation completed and charges filed in court",CHARGE_SHEET
"Government of India UIDAI Aadhaar Number 4632 8086 6381
    Name Divya Reddy
    Address Lucknow India",ID_CARD
"CHARGE SHEET Case No 474
    Police Station Thane
    BNS Section 303
    Accused Rakesh Yadav
    Investigation completed and charges filed in court",CHARGE_SHEET
"POLICE INCIDENT REPORT Report No 836
    Officer from Bandra Police Station
    Investigation regarding accident or theft case
    Status report prepared for department records",POLICE_REPORT
"Government of India UIDAI Aadhaar Number 6895 6859 1946
    Name Pooja Patel
    Address Coimbatore India",ID_CARD
"FIRST INFORMATION REPORT FIR No 497
    Police Station Powai
    BNS Section 351
    Complaint filed by Rahul Mehta
    regarding fraud or theft incident reported",FIR
"FIRST INFORMATION REPORT FIR No 570
    Police Station Bandra
    BNS Section 74
    Complaint filed by Shivani Rao
    regarding fraud or theft incident reported",FIR
"CHARGE SHEET Case No 743
    Police Station Thane
    BNS Section 303
    Accused Pallavi Singh
    Investigation completed and charges filed in court",CHARGE_SHEET
"Government of India UIDAI Aadhaar Number 2636 2582 7996
    Name Rohit Gupta
    Address Surat India",ID_CARD
"Government of India UIDAI Aadhaar Number 8895 2899 3278
    Name Anushka Sharma
    Address Pune India",ID_CARD
"POLICE INCIDENT REPORT Report No 525
    Officer from Dadar Police Station
    Investigation regarding accident or theft case
    Status report prepared for department records",POLICE_REPORT
"POLICE INCIDENT REPORT Report No 702
    Officer from Colaba Police Station
    Investigation regarding accident or theft case
    Status report prepared for department records",POLICE_REPORT
"POLICE INCIDENT REPORT Report No 617
    Officer from Dadar Police Station
    Investigation regarding accident or theft case
    Status report prepared for department records",POLICE_REPORT
"Government of India UIDAI Aadhaar Number 7891 8406 5709
    Name Sneha Iyer
    Address Bhopal India",ID_CARD
"CHARGE SHEET Case No 227
    Police Station Andheri
    BNS Section 316
    Accused Neelam Verma
    Investigation completed and charges filed in court",CHARGE_SHEET
"POLICE INCIDENT REPORT Report No 863
    Officer from Borivali Police Station
    Investigation regarding accident or theft case
    Status report prepared for department records",POLICE_REPORT
"Government of India UIDAI Aadhaar Number 1426 7289 5695
    Name Pooja Patel
    Address Nagpur India",ID_CARD
"Government of India UIDAI Aadhaar Number 3798 3455 4279
    Name Manish Sinha
    Address Mumbai India",ID_CARD
"CHARGE SHEET Case No 356
    Police Station Borivali
    BNS Section 74
    Accused Pooja Patel
    Investigation completed and charges filed in court",CHARGE_SHEET
"FIRST INFORMATION REPORT FIR No 185
    Police Station Thane
    BNS Section 351
    Complaint filed by Arjun Singh
    regarding fraud or theft incident reported",FIR
"FIRST INFORMATION REPORT FIR No 150
    Police Station Malad
    BNS Section 103
    Complaint filed by Suresh Nair
    regarding fraud or theft incident reported",FIR
"FIRST INFORMATION REPORT FIR No 871
    Police Station Borivali
    BNS Section 351
    Complaint filed by Ritu Kapoor
    regarding fraud or theft incident reported",FIR
"FIRST INFORMATION REPORT FIR No 343
    Police Station Colaba
    BNS Section 303
    Complaint filed by Sonal Aggarwal
    regarding fraud or theft incident reported",FIR
"FIRST INFORMATION REPORT FIR No 752
    Police Station Dadar
    BNS Section 74
    Complaint filed by Riya Das
    regarding fraud or theft incident reported",FIR
"CHARGE SHEET Case No 241
    Police Station Dadar
    BNS Section 115
    Accused Manish Sinha
    Investigation completed and charges filed in court",CHARGE_SHEET
"POLICE INCIDENT REPORT Report No 581
    Officer from Powai Police Station
    Investigation regarding accident or theft case
    Status report prepared for department records",POLICE_REPORT
"CHARGE SHEET Case No 845
    Police Station Dadar
    BNS Section 316
    Accused Sanjay Mehta
    Investigation completed and charges filed in court",CHARGE_SHEET
"CHARGE SHEET Case No 188
    Police Station Malad
    BNS Section 74
    Accused Priya Sharma
    Investigation completed and charges filed in court",CHARGE_SHEET
"FIRST INFORMATION REPORT FIR No 401
    Police Station Powai
    BNS Section 74
    Complaint filed by Suresh Nair
    regarding fraud or theft incident reported",FIR
"Government of India UIDAI Aadhaar Number 5549 3531 1647
    Name Manish Sinha
    Address Chennai India",ID_CARD
"POLICE INCIDENT REPORT Report No 564
    Officer from Malad Police Station
    Investigation regarding accident or theft case
    Status report prepared for department records",POLICE_REPORT
"FIRST INFORMATION REPORT FIR No 246
    Police Station Colaba
    BNS Section 303
    Complaint filed by Neha Verma
    regarding fraud or theft incident reported",FIR
"FIRST INFORMATION REPORT FIR No 718
    Police Station Colaba
    BNS Section 103
    Complaint filed by Rohit Gupta
    regarding fraud or theft incident reported",FIR
"CHARGE SHEET Case No 506
    Police Station Kurla
    BNS Section 103
    Accused Divya Reddy
    Investigation completed and charges filed in court",CHARGE_SHEET
"CHARGE SHEET Case No 877
    Police Station Powai
    BNS Section 115
    Accused Ritu Kapoor
    Investigation completed and charges filed in court",CHARGE_SHEET
"FIRST INFORMATION REPORT FIR No 604
    Police Station Andheri
    BNS Section 316
    Complaint filed by Pallavi Singh
    regarding fraud or theft incident reported",FIR
"FIRST INFORMATION REPORT FIR No 307
    Police Station Borivali
    BNS Section 303
    Complaint filed by Manish Sinha
    regarding fraud or theft incident reported",FIR
"CHARGE SHEET Case No 432
    Police Station Malad
    BNS Section 74
    Accused Rakesh Yadav
    Investigation completed and charges filed in court",CHARGE_SHEET
"Government of India UIDAI Aadhaar Number 3737 7703 8160
    Name Sonal Aggarwal
    Address Vijayawada India",ID_CARD
"POLICE INCIDENT REPORT Report No 763
    Officer from Colaba Police Station
    Investigation regarding accident or theft case
    Status report prepared for department records",POLICE_REPORT
"Government of India UIDAI Aadhaar Number 5914 6067 7867
    Name Rohit Gupta
    Address Kolkata India",ID_CARD
"FIRST INFORMATION REPORT FIR No 558
    Police Station Thane
    BNS Section 316
    Complaint filed by Mohit Kumar
    regarding fraud or theft incident reported",FIR
"POLICE INCIDENT REPORT Report No 771
    Officer from Kurla Police Station
    Investigation regarding accident or theft case
    Status report prepared for department records",POLICE_REPORT
"FIRST INFORMATION REPORT FIR No 665
    Police Station Powai
    BNS Section 303
    Complaint filed by Divya Reddy
    regarding fraud or theft incident reported",FIR
"FIRST INFORMATION REPORT FIR No 141
    Police Station Andheri
    BNS Section 316
    Complaint filed by Anita Chatterjee
    regarding fraud or theft incident reported",FIR
"FIRST INFORMATION REPORT FIR No 243
    Police Station Dadar
    BNS Section 74
    Complaint filed by Anushka Sharma
    regarding fraud or theft incident reported",FIR
"CHARGE SHEET Case No 341
    Police Station Bandra
    BNS Section 115
    Accused Sonal Aggarwal
    Investigation completed and charges filed in court",CHARGE_SHEET
"Government of India UIDAI Aadhaar Number 6032 9158 7179
    Name Sneha Iyer
    Address Kanpur India",ID_CARD
"Government of India UIDAI Aadhaar Number 9314 4178 1316
    Name Vijay Kumar
    Address Mumbai India",ID_CARD
"POLICE INCIDENT REPORT Report No 618
    Officer from Borivali Police Station
    Investigation regarding accident or theft case
    Status report prepared for department records",POLICE_REPORT
"FIRST INFORMATION REPORT FIR No 646
    Police Station Powai
    BNS Section 303
    Complaint filed by Pooja Patel
    regarding fraud or theft incident reported",FIR
"POLICE INCIDENT REPORT Report No 739
    Officer from Kurla Police Station
    Investigation regarding accident or theft case
    Status report prepared for department records",POLICE_REPORT
"CHARGE SHEET Case No 154
    Police Station Colaba
    BNS Section 316
    Accused Vikram Das
    Investigation completed and charges filed in court",CHARGE_SHEET
"POLICE INCIDENT REPORT Report No 415
    Officer from Bandra Police Station
    Investigation regarding accident or theft case
    Status report prepared for department records",POLICE_REPORT
"FIRST INFORMATION REPORT FIR No 207
    Police Station Thane
    BNS Section 115
    Complaint filed by Manish Sinha
    regarding fraud or theft incident reported",FIR
"Government of India UIDAI Aadhaar Number 9918 5259 3352
    Name Shivani Rao
    Address Kanpur India",ID_CARD
"FIRST INFORMATION REPORT FIR No 846
    Police Station Kurla
    BNS Section 115
    Complaint filed by Vikram Das
    regarding fraud or theft incident reported",FIR
"FIRST INFORMATION REPORT FIR No 265
    Police Station Malad
    BNS Section 103
    Complaint filed by Divya Reddy
    regarding fraud or theft incident reported",FIR
"POLICE INCIDENT REPORT Report No 404
    Officer from Malad Police Station
    Investigation regarding accident or theft case
    Status report prepared for department records",POLICE_REPORT
"FIRST INFORMATION REPORT FIR No 941
    Police Station Colaba
    BNS Section 74
    Complaint filed by Rakesh Yadav
    regarding fraud or theft incident reported",FIR
"POLICE INCIDENT REPORT Report No 892
    Officer from Andheri Police Station
    Investigation regarding accident or theft case
    Status report prepared for department records",POLICE_REPORT
"POLICE INCIDENT REPORT Report No 723
    Officer from Dadar Police Station
    Investigation regarding accident or theft case
    Status report prepared for department records",POLICE_REPORT
"Government of India UIDAI Aadhaar Number 3355 2518 6787
    Name Mohit Kumar
    Address Lucknow India",ID_CARD
"Government of India UIDAI Aadhaar Number 9970 2288 3027
    Name Pooja Patel
    Address Jaipur India",ID_CARD
"POLICE INCIDENT REPORT Report No 307
    Officer from Dadar Police Station
    Investigation regarding accident or theft case
    Status report prepared for department records",POLICE_REPORT
"Government of India UIDAI Aadhaar Number 2407 2921 9270
    Name Arjun Singh
    Address Mumbai India",ID_CARD
"CHARGE SHEET Case No 561
    Police Station Powai
    BNS Section 303
    Accused Sneha Iyer
    Investigation completed and charges filed in court",CHARGE_SHEET
"POLICE INCIDENT REPORT Report No 986
    Officer from Malad Police Station
    Investigation regarding accident or theft case
    Status report prepared for department records",POLICE_REPORT
"FIRST INFORMATION REPORT FIR No 548
    Police Station Borivali
    BNS Section 316
    Complaint filed by Mohit Kumar
    regarding fraud or theft incident reported",FIR
"CHARGE SHEET Case No 632
    Police Station Thane
    BNS Section 103
    Accused Mohit Kumar
    Investigation completed and charges filed in court",CHARGE_SHEET
"CHARGE SHEET Case No 198
    Police Station Colaba
    BNS Section 103
    Accused Amit Sharma
    Investigation completed and charges filed in court",CHARGE_SHEET
"CHARGE SHEET Case No 903
    Police Station Dadar
    BNS Section 115
    Accused Sonal Aggarwal
    Investigation completed and charges filed in court",CHARGE_SHEET
"CHARGE SHEET Case No 680
    Police Station Borivali
    BNS Section 303
    Accused Priya Sharma
    Investigation completed and charges filed in court",CHARGE_SHEET
"CHARGE SHEET Case No 992
    Police Station Borivali
    BNS Section 74
    Accused Anushka Sharma
    Investigation completed and charges filed in court",CHARGE_SHEET
"POLICE INCIDENT REPORT Report No 724
    Officer from Bandra Police Station
    Investigation regarding accident or theft case
    Status report prepared for department records",POLICE_REPORT
"FIRST INFORMATION REPORT FIR No 407
    Police Station Bandra
    BNS Section 303
    Complaint filed by Ankit Jain
    regarding fraud or theft incident reported",FIR
"Government of India UIDAI Aadhaar Number 2523 2650 7596
    Name Arjun Singh
    Address Surat India",ID_CARD
"POLICE INCIDENT REPORT Report No 643
    Officer from Powai Police Station
    Investigation regarding accident or theft case
    Status report prepared for department records",POLICE_REPORT
"POLICE INCIDENT REPORT Report No 221
    Officer from Bandra Police Station
    Investigation regarding accident or theft case
    Status report prepared for department records",POLICE_REPORT
"CHARGE SHEET Case No 143
    Police Station Andheri
    BNS Section 115
    Accused Neelam Verma
    Investigation completed and charges filed in court",CHARGE_SHEET
"FIRST INFORMATION REPORT FIR No 411
    Police Station Andheri
    BNS Section 303
    Complaint filed by Karan Malhotra
    regarding fraud or theft incident reported",FIR
"Government of India UIDAI Aadhaar Number 1589 5627 4185
    Name Divya Reddy
    Address Ahmedabad India",ID_CARD
"CHARGE SHEET Case No 799
    Police Station Malad
    BNS Section 316
    Accused Mohit Kumar
    Investigation completed and charges filed in court",CHARGE_SHEET
"Government of India UIDAI Aadhaar Number 9782 5479 8674
    Name Vikram Das
    Address Bangalore India",ID_CARD
"POLICE INCIDENT REPORT Report No 577
    Officer from Powai Police Station
    Investigation regarding accident or theft case
    Status report prepared for department records",POLICE_REPORT
"CHARGE SHEET Case No 685
    Police Station Thane
    BNS Section 115
    Accused Ankit Jain
    Investigation completed and charges filed in court",CHARGE_SHEET
"FIRST INFORMATION REPORT FIR No 902
    Police Station Thane
    BNS Section 115
    Complaint filed by Aditya Sethi
    regarding fraud or theft incident reported",FIR
"CHARGE SHEET Case No 796
    Police Station Dadar
    BNS Section 74
    Accused Rohit Gupta
    Investigation completed and charges filed in court",CHARGE_SHEET
"CHARGE SHEET Case No 774
    Police Station Powai
    BNS Section 351
    Accused Pooja Patel
    Investigation completed and charges filed in court",CHARGE_SHEET
"CHARGE SHEET Case No 257
    Police Station Dadar
    BNS Section 316
    Accused Anushka Sharma
    Investigation completed and charges filed in court",CHARGE_SHEET
"CHARGE SHEET Case No 558
    Police Station Borivali
    BNS Section 351
    Accused Kavita Joshi
    Investigation completed and charges filed in court",CHARGE_SHEET
"FIRST INFORMATION REPORT FIR No 676
    Police Station Colaba
    BNS Section 303
    Complaint filed by Vijay Kumar
    regarding fraud or theft incident reported",FIR
"FIRST INFORMATION REPORT FIR No 813
    Police Station Borivali
    BNS Section 303
    Complaint filed by Pooja Patel
    regarding fraud or theft incident reported",FIR
"FIRST INFORMATION REPORT FIR No 601
    Police Station Malad
    BNS Section 316
    Complaint filed by Kavita Joshi
    regarding fraud or theft incident reported",FIR
"POLICE INCIDENT REPORT Report No 641
    Officer from Kurla Police Station
    Investigation regarding accident or theft case
    Status report prepared for department records",POLICE_REPORT
"CHARGE SHEET Case No 757
    Police Station Malad
    BNS Section 74
    Accused Shivani Rao
    Investigation completed and charges filed in court",CHARGE_SHEET
"FIRST INFORMATION REPORT FIR No 992
    Police Station Ghatkopar
    BNS Section 115
    Complaint filed by Divya Reddy
    regarding fraud or theft incident reported",FIR
"FIRST INFORMATION REPORT FIR No 592
    Police Station Malad
    BNS Section 115
    Complaint filed by Pallavi Singh
    regarding fraud or theft incident reported",FIR
"CHARGE SHEET Case No 347
    Police Station Borivali
    BNS Section 115
    Accused Amit Sharma
    Investigation completed and charges filed in court",CHARGE_SHEET
"POLICE INCIDENT REPORT Report No 356
    Officer from Colaba Police Station
    Investigation regarding accident or theft case
    Status report prepared for department records",POLICE_REPORT
"FIRST INFORMATION REPORT FIR No 286
    Police Station Kurla
    BNS Section 316
    Complaint filed by Rohit Gupta
    regarding fraud or theft incident reported",FIR
"Government of India UIDAI Aadhaar Number 7722 5459 2501
    Name Mohit Kumar
    Address Patna India",ID_CARD
"POLICE INCIDENT REPORT Report No 846
    Officer from Colaba Police Station
    Investigation regarding accident or theft case
    Status report prepared for department records",POLICE_REPORT
"FIRST INFORMATION REPORT FIR No 668
    Police Station Kurla
    BNS Section 74
    Complaint filed by Karan Malhotra
    regarding fraud or theft incident reported",FIR
"FIRST INFORMATION REPORT FIR No 375
    Police Station Ghatkopar
    BNS Section 303
    Complaint filed by Pallavi Singh
    regarding fraud or theft incident reported",FIR
"FIRST INFORMATION REPORT FIR No 258
    Police Station Thane
    BNS Section 74
    Complaint filed by Priya Sharma
    regarding fraud or theft incident reported",FIR
"POLICE INCIDENT REPORT Report No 558
    Officer from Borivali Police Station
    Investigation regarding accident or theft case
    Status report prepared for department records",POLICE_REPORT
"FIRST INFORMATION REPORT FIR No 990
    Police Station Colaba
    BNS Section 115
    Complaint filed by Arjun Singh
    regarding fraud or theft incident reported",FIR
"POLICE INCIDENT REPORT Report No 912
    Officer from Thane Police Station
    Investigation regarding accident or theft case
    Status report prepared for department records",POLICE_REPORT
"FIRST INFORMATION REPORT FIR No 471
    Police Station Thane
    BNS Section 351
    Complaint filed by Pooja Patel
    regarding fraud or theft incident reported",FIR
"POLICE INCIDENT REPORT Report No 477
    Officer from Thane Police Station
    Investigation regarding accident or theft case
    Status report prepared for department records",POLICE_REPORT
"CHARGE SHEET Case No 761
    Police Station Ghatkopar
    BNS Section 74
    Accused Vikram Das
    Investigation completed and charges filed in court",CHARGE_SHEET
"POLICE INCIDENT REPORT Report No 450
    Officer from Ghatkopar Police Station
    Investigation regarding accident or theft case
    Status report prepared for department records",POLICE_REPORT
"Government of India UIDAI Aadhaar Number 8951 1832 1331
    Name Amit Sharma
    Address Indore India",ID_CARD
"FIRST INFORMATION REPORT FIR No 206
    Police Station Dadar
    BNS Section 74
    Complaint filed by Anushka Sharma
    regarding fraud or theft incident reported",FIR
"FIRST INFORMATION REPORT FIR No 536
    Police Station Kurla
    BNS Section 303
    Complaint filed by Rahul Mehta
    regarding fraud or theft incident reported",FIR
"FIRST INFORMATION REPORT FIR No 611
    Police Station Powai
    BNS Section 351
    Complaint filed by Amit Sharma
    regarding fraud or theft incident reported",FIR
"Government of India UIDAI Aadhaar Number 7345 8602 6097
    Name Sanjay Mehta
    Address Pune India",ID_CARD
"FIRST INFORMATION REPORT FIR No 119
    Police Station Andheri
    BNS Section 303
    Complaint filed by Mohit Kumar
    regarding fraud or theft incident reported",FIR
"Government of India UIDAI Aadhaar Number 4777 4625 4389
    Name Anita Chatterjee
    Address Guwahati India",ID_CARD
"FIRST INFORMATION REPORT FIR No 413
    Police Station Colaba
    BNS Section 115
    Complaint filed by Rahul Mehta
    regarding fraud or theft incident reported",FIR
"FIRST INFORMATION REPORT FIR No 932
    Police Station Bandra
    BNS Section 303
    Complaint filed by Sanjay Mehta
    regarding fraud or theft incident reported",FIR
"Government of India UIDAI Aadhaar Number 2611 4182 1189
    Name Rohit Gupta
    Address Surat India",ID_CARD
"CHARGE SHEET Case No 657
    Police Station Powai
    BNS Section 103
    Accused Suresh Nair
    Investigation completed and charges filed in court",CHARGE_SHEET
"Government of India UIDAI Aadhaar Number 6006 5575 9490
    Name Pallavi Singh
    Address Lucknow India",ID_CARD
"POLICE INCIDENT REPORT Report No 481
    Officer from Powai Police Station
    Investigation regarding accident or theft case
    Status report prepared for department records",POLICE_REPORT
"FIRST INFORMATION REPORT FIR No 396
    Police Station Malad
    BNS Section 115
    Complaint filed by Neelam Verma
    regarding fraud or theft incident reported",FIR
"CHARGE SHEET Case No 610
    Police Station Colaba
    BNS Section 351
    Accused Riya Das
    Investigation completed and charges filed in court",CHARGE_SHEET
"Government of India UIDAI Aadhaar Number 3604 5614 2694
    Name Amit Sharma
    Address Jaipur India",ID_CARD
"Government of India UIDAI Aadhaar Number 8034 1757 5088
    Name Neelam Verma
    Address Delhi India",ID_CARD
"FIRST INFORMATION REPORT FIR No 298
    Police Station Malad
    BNS Section 115
    Complaint filed by Neelam Verma
    regarding fraud or theft incident reported",FIR
"Government of India UIDAI Aadhaar Number 3539 6669 7790
    Name Manish Sinha
    Address Guwahati India",ID_CARD
"CHARGE SHEET Case No 360
    Police Station Dadar
    BNS Section 351
    Accused Ritu Kapoor
    Investigation completed and charges filed in court",CHARGE_SHEET
"FIRST INFORMATION REPORT FIR No 640
    Police Station Andheri
    BNS Section 103
    Complaint filed by Rahul Mehta
    regarding fraud or theft incident reported",FIR
"CHARGE SHEET Case No 558
    Police Station Ghatkopar
    BNS Section 103
    Accused Divya Reddy
    Investigation completed and charges filed in court",CHARGE_SHEET
"CHARGE SHEET Case No 617
    Police Station Andheri
    BNS Section 103
    Accused Neha Verma
    Investigation completed and charges filed in court",CHARGE_SHEET
"FIRST INFORMATION REPORT FIR No 444
    Police Station Dadar
    BNS Section 303
    Complaint filed by Sonal Aggarwal
    regarding fraud or theft incident reported",FIR
"CHARGE SHEET Case No 473
    Police Station Ghatkopar
    BNS Section 316
    Accused Manish Sinha
    Investigation completed and charges filed in court",CHARGE_SHEET
"FIRST INFORMATION REPORT FIR No 480
    Police Station Malad
    BNS Section 103
    Complaint filed by Vikram Das
    regarding fraud or theft incident reported",FIR
"Government of India UIDAI Aadhaar Number 7201 8566 7611
    Name Pooja Patel
    Address Bangalore India",ID_CARD
"CHARGE SHEET Case No 470
    Police Station Kurla
    BNS Section 115
    Accused Anjali Verma
    Investigation completed and charges filed in court",CHARGE_SHEET
"CHARGE SHEET Case No 931
    Police Station Malad
    BNS Section 316
    Accused Neha Verma
    Investigation completed and charges filed in court",CHARGE_SHEET
"Government of India UIDAI Aadhaar Number 6781 9950 6423
    Name Karan Malhotra
    Address Vijayawada India",ID_CARD
"Government of India UIDAI Aadhaar Number 5164 2220 4176
    Name Ritu Kapoor
    Address Delhi India",ID_CARD
"POLICE INCIDENT REPORT Report No 724
    Officer from Ghatkopar Police Station
    Investigation regarding accident or theft case
    Status report prepared for department records",POLICE_REPORT
"Government of India UIDAI Aadhaar Number 5321 7909 3296
    Name Sneha Iyer
    Address Coimbatore India",ID_CARD
"Government of India UIDAI Aadhaar Number 9849 1238 2334
    Name Karan Malhotra
    Address Bangalore India",ID_CARD
"POLICE INCIDENT REPORT Report No 239
    Officer from Andheri Police Station
    Investigation regarding accident or theft case
    Status report prepared for department records",POLICE_REPORT
"FIRST INFORMATION REPORT FIR No 830
    Police Station Bandra
    BNS Section 115
    Complaint filed by Divya Reddy
    regarding fraud or theft incident reported",FIR
"FIRST INFORMATION REPORT FIR No 194
    Police Station Bandra
    BNS Section 103
    Complaint filed by Arjun Singh
    regarding fraud or theft incident reported",FIR
"Government of India UIDAI Aadhaar Number 3364 7561 1018
    Name Karan Malhotra
    Address Delhi India",ID_CARD
"CHARGE SHEET Case No 216
    Police Station Ghatkopar
    BNS Section 303
    Accused Karan Malhotra
    Investigation completed and charges filed in court",CHARGE_SHEET
"CHARGE SHEET Case No 329
    Police Station Colaba
    BNS Section 115
    Accused Pallavi Singh
    Investigation completed and charges filed in court",CHARGE_SHEET
"FIRST INFORMATION REPORT FIR No 462
    Police Station Malad
    BNS Section 103
    Complaint filed by Pallavi Singh
    regarding fraud or theft incident reported",FIR
"FIRST INFORMATION REPORT FIR No 840
    Police Station Malad
    BNS Section 351
    Complaint filed by Aditya Sethi
    regarding fraud or theft incident reported",FIR
"FIRST INFORMATION REPORT FIR No 379
    Police Station Kurla
    BNS Section 351
    Complaint filed by Anita Chatterjee
    regarding fraud or theft incident reported",FIR
"FIRST INFORMATION REPORT FIR No 143
    Police Station Andheri
    BNS Section 103
    Complaint filed by Aditya Sethi
    regarding fraud or theft incident reported",FIR
"Government of India UIDAI Aadhaar Number 4940 1186 2699
    Name Rakesh Yadav
    Address Indore India",ID_CARD
"CHARGE SHEET Case No 709
    Police Station Ghatkopar
    BNS Section 316
    Accused Divya Reddy
    Investigation completed and charges filed in court",CHARGE_SHEET
"POLICE INCIDENT REPORT Report No 358
    Officer from Malad Police Station
    Investigation regarding accident or theft case
    Status report prepared for department records",POLICE_REPORT
"Government of India UIDAI Aadhaar Number 7819 9441 4653
    Name Aditya Sethi
    Address Lucknow India",ID_CARD
"POLICE INCIDENT REPORT Report No 643
    Officer from Kurla Police Station
    Investigation regarding accident or theft case
    Status report prepared for department records",POLICE_REPORT
"Government of India UIDAI Aadhaar Number 6703 3138 1013
    Name Neha Verma
    Address Mumbai India",ID_CARD
"FIRST INFORMATION REPORT FIR No 517
    Police Station Andheri
    BNS Section 303
    Complaint filed by Sneha Iyer
    regarding fraud or theft incident reported",FIR
"Government of India UIDAI Aadhaar Number 7409 6508 3985
    Name Aditya Sethi
    Address Ahmedabad India",ID_CARD
"Government of India UIDAI Aadhaar Number 4148 2266 4907
    Name Rahul Mehta
    Address Bhopal India",ID_CARD
"Government of India UIDAI Aadhaar Number 5163 7936 2683
    Name Arjun Singh
    Address Coimbatore India",ID_CARD
"FIRST INFORMATION REPORT FIR No 175
    Police Station Andheri
    BNS Section 316
    Complaint filed by Ritu Kapoor
    regarding fraud or theft incident reported",FIR
"FIRST INFORMATION REPORT FIR No 719
    Police Station Dadar
    BNS Section 316
    Complaint filed by Anita Chatterjee
    regarding fraud or theft incident reported",FIR
"CHARGE SHEET Case No 972
    Police Station Bandra
    BNS Section 103
    Accused Anita Chatterjee
    Investigation completed and charges filed in court",CHARGE_SHEET
"FIRST INFORMATION REPORT FIR No 561
    Police Station Ghatkopar
    BNS Section 303
    Complaint filed by Sonal Aggarwal
    regarding fraud or theft incident reported",FIR
"FIRST INFORMATION REPORT FIR No 251
    Police Station Andheri
    BNS Section 74
    Complaint filed by Rakesh Yadav
    regarding fraud or theft incident reported",FIR
"FIRST INFORMATION REPORT FIR No 306
    Police Station Borivali
    BNS Section 351
    Complaint filed by Sonal Aggarwal
    regarding fraud or theft incident reported",FIR
"FIRST INFORMATION REPORT FIR No 245
    Police Station Borivali
    BNS Section 303
    Complaint filed by Neelam Verma
    regarding fraud or theft incident reported",FIR
"CHARGE SHEET Case No 606
    Police Station Dadar
    BNS Section 115
    Accused Anjali Verma
    Investigation completed and charges filed in court",CHARGE_SHEET
"Government of India UIDAI Aadhaar Number 3804 3488 5337
    Name Pooja Patel
    Address Surat India",ID_CARD
"POLICE INCIDENT REPORT Report No 267
    Officer from Colaba Police Station
    Investigation regarding accident or theft case
    Status report prepared for department records",POLICE_REPORT
"Government of India UIDAI Aadhaar Number 4360 2888 4427
    Name Aditya Sethi
    Address Kanpur India",ID_CARD
"FIRST INFORMATION REPORT FIR No 836
    Police Station Borivali
    BNS Section 316
    Complaint filed by Priya Sharma
    regarding fraud or theft incident reported",FIR
"Government of India UIDAI Aadhaar Number 3860 9535 7963
    Name Sneha Iyer
    Address Indore India",ID_CARD
"POLICE INCIDENT REPORT Report No 544
    Officer from Colaba Police Station
    Investigation regarding accident or theft case
    Status report prepared for department records",POLICE_REPORT
"Government of India UIDAI Aadhaar Number 1268 5994 5015
    Name Ankit Jain
    Address Surat India",ID_CARD
"CHARGE SHEET Case No 999
    Police Station Andheri
    BNS Section 303
    Accused Anita Chatterjee
    Investigation completed and charges filed in court",CHARGE_SHEET
"POLICE INCIDENT REPORT Report No 403
    Officer from Malad Police Station
    Investigation regarding accident or theft case
    Status report prepared for department records",POLICE_REPORT
"CHARGE SHEET Case No 336
    Police Station Colaba
    BNS Section 351
    Accused Priya Sharma
    Investigation completed and charges filed in court",CHARGE_SHEET
"POLICE INCIDENT REPORT Report No 319
    Officer from Borivali Police Station
    Investigation regarding accident or theft case
    Status report prepared for department records",POLICE_REPORT
"CHARGE SHEET Case No 468
    Police Station Borivali
    BNS Section 351
    Accused Shivani Rao
    Investigation completed and charges filed in court",CHARGE_SHEET
"FIRST INFORMATION REPORT FIR No 921
    Police Station Malad
    BNS Section 103
    Complaint filed by Pallavi Singh
    regarding fraud or theft incident reported",FIR
"CHARGE SHEET Case No 425
    Police Station Ghatkopar
    BNS Section 316
    Accused Divya Reddy
    Investigation completed and charges filed in court",CHARGE_SHEET
"CHARGE SHEET Case No 344
    Police Station Dadar
    BNS Section 351
    Accused Ritu Kapoor
    Investigation completed and charges filed in court",CHARGE_SHEET
"CHARGE SHEET Case No 612
    Police Station Kurla
    BNS Section 115
    Accused Vijay Kumar
    Investigation completed and charges filed in court",CHARGE_SHEET
"POLICE INCIDENT REPORT Report No 717
    Officer from Colaba Police Station
    Investigation regarding accident or theft case
    Status report prepared for department records",POLICE_REPORT
"FIRST INFORMATION REPORT FIR No 170
    Police Station Andheri
    BNS Section 103
    Complaint filed by Vikram Das
    regarding fraud or theft incident reported",FIR
"CHARGE SHEET Case No 424
    Police Station Colaba
    BNS Section 74
    Accused Aditya Sethi
    Investigation completed and charges filed in court",CHARGE_SHEET
"CHARGE SHEET Case No 899
    Police Station Ghatkopar
    BNS Section 115
    Accused Suresh Nair
    Investigation completed and charges filed in court",CHARGE_SHEET
"FIRST INFORMATION REPORT FIR No 761
    Police Station Andheri
    BNS Section 115
    Complaint filed by Manish Sinha
    regarding fraud or theft incident reported",FIR
"FIRST INFORMATION REPORT FIR No 956
    Police Station Colaba
    BNS Section 303
    Complaint filed by Rahul Mehta
    regarding fraud or theft incident reported",FIR
"FIRST INFORMATION REPORT FIR No 590
    Police Station Kurla
    BNS Section 316
    Complaint filed by Manish Sinha
    regarding fraud or theft incident reported",FIR
"FIRST INFORMATION REPORT FIR No 597
    Police Station Thane
    BNS Section 316
    Complaint filed by Pallavi Singh
    regarding fraud or theft incident reported",FIR
"POLICE INCIDENT REPORT Report No 981
    Officer from Dadar Police Station
    Investigation regarding accident or theft case
    Status report prepared for department records",POLICE_REPORT
"CHARGE SHEET Case No 170
    Police Station Powai
    BNS Section 303
    Accused Anushka Sharma
    Investigation completed and charges filed in court",CHARGE_SHEET
"Government of India UIDAI Aadhaar Number 9267 8944 3608
    Name Rahul Mehta
    Address Pune India",ID_CARD
"POLICE INCIDENT REPORT Report No 776
    Officer from Powai Police Station
    Investigation regarding accident or theft case
    Status report prepared for department records",POLICE_REPORT
"CHARGE SHEET Case No 788
    Police Station Thane
    BNS Section 115
    Accused Anjali Verma
    Investigation completed and charges filed in court",CHARGE_SHEET
"CHARGE SHEET Case No 885
    Police Station Kurla
    BNS Section 115
    Accused Anjali Verma
    Investigation completed and charges filed in court",CHARGE_SHEET
"FIRST INFORMATION REPORT FIR No 233
    Police Station Colaba
    BNS Section 115
    Complaint filed by Amit Sharma
    regarding fraud or theft incident reported",FIR
"CHARGE SHEET Case No 827
    Police Station Bandra
    BNS Section 103
    Accused Divya Reddy
    Investigation completed and charges filed in court",CHARGE_SHEET
"FIRST INFORMATION REPORT FIR No 434
    Police Station Colaba
    BNS Section 103
    Complaint filed by Kavita Joshi
    regarding fraud or theft incident reported",FIR
"CHARGE SHEET Case No 801
    Police Station Malad
    BNS Section 351
    Accused Suresh Nair
    Investigation completed and charges filed in court",CHARGE_SHEET
"POLICE INCIDENT REPORT Report No 739
    Officer from Thane Police Station
    Investigation regarding accident or theft case
    Status report prepared for department records",POLICE_REPORT
"FIRST INFORMATION REPORT FIR No 183
    Police Station Kurla
    BNS Section 351
    Complaint filed by Kavita Joshi
    regarding fraud or theft incident reported",FIR
"POLICE INCIDENT REPORT Report No 261
    Officer from Powai Police Station
    Investigation regarding accident or theft case
    Status report prepared for department records",POLICE_REPORT
"FIRST INFORMATION REPORT FIR No 989
    Police Station Thane
    BNS Section 74
    Complaint filed by Manish Sinha
    regarding fraud or theft incident reported",FIR
"CHARGE SHEET Case No 834
    Police Station Dadar
    BNS Section 351
    Accused Mohit Kumar
    Investigation completed and charges filed in court",CHARGE_SHEET
"FIRST INFORMATION REPORT FIR No 614
    Police Station Andheri
    BNS Section 351
    Complaint filed by Aditya Sethi
    regarding fraud or theft incident reported",FIR
"FIRST INFORMATION REPORT FIR No 638
    Police Station Dadar
    BNS Section 103
    Complaint filed by Shivani Rao
    regarding fraud or theft incident reported",FIR
"CHARGE SHEET Case No 262
    Police Station Dadar
    BNS Section 103
    Accused Mohit Kumar
    Investigation completed and charges filed in court",CHARGE_SHEET
"POLICE INCIDENT REPORT Report No 547
    Officer from Andheri Police Station
    Investigation regarding accident or theft case
    Status report prepared for department records",POLICE_REPORT
"POLICE INCIDENT REPORT Report No 878
    Officer from Dadar Police Station
    Investigation regarding accident or theft case
    Status report prepared for department records",POLICE_REPORT
"POLICE INCIDENT REPORT Report No 299
    Officer from Powai Police Station
    Investigation regarding accident or theft case
    Status report prepared for department records",POLICE_REPORT
"FIRST INFORMATION REPORT FIR No 376
    Police Station Bandra
    BNS Section 303
    Complaint filed by Sonal Aggarwal
    regarding fraud or theft incident reported",FIR
"CHARGE SHEET Case No 556
    Police Station Dadar
    BNS Section 351
    Accused Anjali Verma
    Investigation completed and charges filed in court",CHARGE_SHEET
"FIRST INFORMATION REPORT FIR No 292
    Police Station Malad
    BNS Section 74
    Complaint filed by Ritu Kapoor
    regarding fraud or theft incident reported",FIR
"FIRST INFORMATION REPORT FIR No 862
    Police Station Kurla
    BNS Section 316
    Complaint filed by Rohit Gupta
    regarding fraud or theft incident reported",FIR
"FIRST INFORMATION REPORT FIR No 183
    Police Station Dadar
    BNS Section 316
    Complaint filed by Pallavi Singh
    regarding fraud or theft incident reported",FIR
"POLICE INCIDENT REPORT Report No 605
    Officer from Malad Police Station
    Investigation regarding accident or theft case
    Status report prepared for department records",POLICE_REPORT
"POLICE INCIDENT REPORT Report No 338
    Officer from Malad Police Station
    Investigation regarding accident or theft case
    Status report prepared for department records",POLICE_REPORT
"FIRST INFORMATION REPORT FIR No 313
    Police Station Borivali
    BNS Section 351
    Complaint filed by Kavita Joshi
    regarding fraud or theft incident reported",FIR
"POLICE INCIDENT REPORT Report No 430
    Officer from Dadar Police Station
    Investigation regarding accident or theft case
    Status report prepared for department records",POLICE_REPORT
"Government of India UIDAI Aadhaar Number 5810 9162 7410
    Name Kavita Joshi
    Address Bhopal India",ID_CARD
"POLICE INCIDENT REPORT Report No 994
    Officer from Thane Police Station
    Investigation regarding accident or theft case
    Status report prepared for department records",POLICE_REPORT
"Government of India UIDAI Aadhaar Number 4961 7054 9243
    Name Sneha Iyer
    Address Surat India",ID_CARD
"FIRST INFORMATION REPORT FIR No 362
    Police Station Andheri
    BNS Section 303
    Complaint filed by Arjun Singh
    regarding fraud or theft incident reported",FIR
"CHARGE SHEET Case No 693
    Police Station Kurla
    BNS Section 351
    Accused Manish Sinha
    Investigation completed and charges filed in court",CHARGE_SHEET
"CHARGE SHEET Case No 805
    Police Station Kurla
    BNS Section 103
    Accused Sanjay Mehta
    Investigation completed and charges filed in court",CHARGE_SHEET
"Government of India UIDAI Aadhaar Number 7567 3302 6185
    Name Ritu Kapoor
    Address Madurai India",ID_CARD
"FIRST INFORMATION REPORT FIR No 771
    Police Station Thane
    BNS Section 351
    Complaint filed by Ankit Jain
    regarding fraud or theft incident reported",FIR
"CHARGE SHEET Case No 205
    Police Station Colaba
    BNS Section 351
    Accused Shivani Rao
    Investigation completed and charges filed in court",CHARGE_SHEET
"Government of India UIDAI Aadhaar Number 2360 2907 7309
    Name Mohit Kumar
    Address Delhi India",ID_CARD
"CHARGE SHEET Case No 581
    Police Station Malad
    BNS Section 316
    Accused Vijay Kumar
    Investigation completed and charges filed in court",CHARGE_SHEET
"CHARGE SHEET Case No 750
    Police Station Kurla
    BNS Section 103
    Accused Sanjay Mehta
    Investigation completed and charges filed in court",CHARGE_SHEET
"FIRST INFORMATION REPORT FIR No 862
    Police Station Andheri
    BNS Section 303
    Complaint filed by Anita Chatterjee
    regarding fraud or theft incident reported",FIR
"POLICE INCIDENT REPORT Report No 683
    Officer from Colaba Police Station
    Investigation regarding accident or theft case
    Status report prepared for department records",POLICE_REPORT
"POLICE INCIDENT REPORT Report No 315
    Officer from Ghatkopar Police Station
    Investigation regarding accident or theft case
    Status report prepared for department records",POLICE_REPORT
"POLICE INCIDENT REPORT Report No 806
    Officer from Borivali Police Station
    Investigation regarding accident or theft case
    Status report prepared for department records",POLICE_REPORT
"Government of India UIDAI Aadhaar Number 5205 4252 1294
    Name Shivani Rao
    Address Jaipur India",ID_CARD
"FIRST INFORMATION REPORT FIR No 330
    Police Station Bandra
    BNS Section 103
    Complaint filed by Riya Das
    regarding fraud or theft incident reported",FIR
"POLICE INCIDENT REPORT Report No 477
    Officer from Colaba Police Station
    Investigation regarding accident or theft case
    Status report prepared for department records",POLICE_REPORT
"POLICE INCIDENT REPORT Report No 726
    Officer from Bandra Police Station
    Investigation regarding accident or theft case
    Status report prepared for department records",POLICE_REPORT
"Government of India UIDAI Aadhaar Number 8681 6580 9321
    Name Aditya Sethi
    Address Jaipur India",ID_CARD
"POLICE INCIDENT REPORT Report No 950
    Officer from Ghatkopar Police Station
    Investigation regarding accident or theft case
    Status report prepared for department records",POLICE_REPORT
"FIRST INFORMATION REPORT FIR No 536
    Police Station Bandra
    BNS Section 115
    Complaint filed by Anjali Verma
    regarding fraud or theft incident reported",FIR
"FIRST INFORMATION REPORT FIR No 651
    Police Station Borivali
    BNS Section 103
    Complaint filed by Neelam Verma
    regarding fraud or theft incident reported",FIR
"POLICE INCIDENT REPORT Report No 806
    Officer from Ghatkopar Police Station
    Investigation regarding accident or theft case
    Status report prepared for department records",POLICE_REPORT
"Government of India UIDAI Aadhaar Number 9403 1362 3744
    Name Mohit Kumar
    Address Delhi India",ID_CARD
"Government of India UIDAI Aadhaar Number 4602 4224 3620
    Name Rakesh Yadav
    Address Nagpur India",ID_CARD
"Government of India UIDAI Aadhaar Number 9176 8791 6934
    Name Mohit Kumar
    Address Madurai India",ID_CARD
"POLICE INCIDENT REPORT Report No 964
    Officer from Colaba Police Station
    Investigation regarding accident or theft case
    Status report prepared for department records",POLICE_REPORT
"Government of India UIDAI Aadhaar Number 6656 9335 4672
    Name Arjun Singh
    Address Madurai India",ID_CARD
"POLICE INCIDENT REPORT Report No 854
    Officer from Bandra Police Station
    Investigation regarding accident or theft case
    Status report prepared for department records",POLICE_REPORT
"Government of India UIDAI Aadhaar Number 4930 2431 5617
    Name Priya Sharma
    Address Kanpur India",ID_CARD
"Government of India UIDAI Aadhaar Number 6995 6835 6912
    Name Anita Chatterjee
    Address Visakhapatnam India",ID_CARD
"POLICE INCIDENT REPORT Report No 403
    Officer from Malad Police Station
    Investigation regarding accident or theft case
    Status report prepared for department records",POLICE_REPORT
"FIRST INFORMATION REPORT FIR No 611
    Police Station Powai
    BNS Section 316
    Complaint filed by Vijay Kumar
    regarding fraud or theft incident reported",FIR
"CHARGE SHEET Case No 373
    Police Station Ghatkopar
    BNS Section 316
    Accused Karan Malhotra
    Investigation completed and charges filed in court",CHARGE_SHEET
"FIRST INFORMATION REPORT FIR No 868
    Police Station Kurla
    BNS Section 316
    Complaint filed by Pooja Patel
    regarding fraud or theft incident reported",FIR
"POLICE INCIDENT REPORT Report No 918
    Officer from Colaba Police Station
    Investigation regarding accident or theft case
    Status report prepared for department records",POLICE_REPORT
"FIRST INFORMATION REPORT FIR No 719
    Police Station Colaba
    BNS Section 115
    Complaint filed by Amit Sharma
    regarding fraud or theft incident reported",FIR
"CHARGE SHEET Case No 931
    Police Station Bandra
    BNS Section 303
    Accused Suresh Nair
    Investigation completed and charges filed in court",CHARGE_SHEET
"Government of India UIDAI Aadhaar Number 1442 6363 7666
    Name Vijay Kumar
    Address Visakhapatnam India",ID_CARD
"POLICE INCIDENT REPORT Report No 464
    Officer from Malad Police Station
    Investigation regarding accident or theft case
    Status report prepared for department records",POLICE_REPORT
"Government of India UIDAI Aadhaar Number 2238 6535 5542
    Name Arjun Singh
    Address Mumbai India",ID_CARD
"CHARGE SHEET Case No 244
    Police Station Powai
    BNS Section 303
    Accused Sneha Iyer
    Investigation completed and charges filed in court",CHARGE_SHEET
"FIRST INFORMATION REPORT FIR No 669
    Police Station Andheri
    BNS Section 115
    Complaint filed by Manish Sinha
    regarding fraud or theft incident reported",FIR
"CHARGE SHEET Case No 259
    Police Station Bandra
    BNS Section 303
    Accused Rahul Mehta
    Investigation completed and charges filed in court",CHARGE_SHEET
"Government of India UIDAI Aadhaar Number 9732 5390 3000
    Name Sameer Khan
    Address Chennai India",ID_CARD
"FIRST INFORMATION REPORT FIR No 854
    Police Station Kurla
    BNS Section 74
    Complaint filed by Mohit Kumar
    regarding fraud or theft incident reported",FIR
"Government of India UIDAI Aadhaar Number 6172 5906 7098
    Name Aditya Sethi
    Address Vijayawada India",ID_CARD
"POLICE INCIDENT REPORT Report No 929
    Officer from Thane Police Station
    Investigation regarding accident or theft case
    Status report prepared for department records",POLICE_REPORT
"FIRST INFORMATION REPORT FIR No 724
    Police Station Dadar
    BNS Section 351
    Complaint filed by Riya Das
    regarding fraud or theft incident reported",FIR
"FIRST INFORMATION REPORT FIR No 710
    Police Station Bandra
    BNS Section 351
    Complaint filed by Rakesh Yadav
    regarding fraud or theft incident reported",FIR
"Government of India UIDAI Aadhaar Number 1638 2735 6854
    Name Arjun Singh
    Address Visakhapatnam India",ID_CARD
"FIRST INFORMATION REPORT FIR No 848
    Police Station Thane
    BNS Section 351
    Complaint filed by Priya Sharma
    regarding fraud or theft incident reported",FIR
"FIRST INFORMATION REPORT FIR No 682
    Police Station Powai
    BNS Section 115
    Complaint filed by Kavita Joshi
    regarding fraud or theft incident reported",FIR
"POLICE INCIDENT REPORT Report No 600
    Officer from Bandra Police Station
    Investigation regarding accident or theft case
    Status report prepared for department records",POLICE_REPORT
"POLICE INCIDENT REPORT Report No 355
    Officer from Dadar Police Station
    Investigation regarding accident or theft case
    Status report prepared for department records",POLICE_REPORT
"Government of India UIDAI Aadhaar Number 3887 1381 4387
    Name Vijay Kumar
    Address Chennai India",ID_CARD
"FIRST INFORMATION REPORT FIR No 803
    Police Station Colaba
    BNS Section 351
    Complaint filed by Divya Reddy
    regarding fraud or theft incident reported",FIR
"POLICE INCIDENT REPORT Report No 684
    Officer from Dadar Police Station
    Investigation regarding accident or theft case
    Status report prepared for department records",POLICE_REPORT
"Government of India UIDAI Aadhaar Number 3696 5160 6957
    Name Sanjay Mehta
    Address Chennai India",ID_CARD
"Government of India UIDAI Aadhaar Number 5217 7142 4721
    Name Sonal Aggarwal
    Address Bhopal India",ID_CARD
"FIRST INFORMATION REPORT FIR No 817
    Police Station Borivali
    BNS Section 115
    Complaint filed by Divya Reddy
    regarding fraud or theft incident reported",FIR
